Date, Volume, Open,Close, High, Low
40239.00,141486282.00,29.99,29.84,30.12,29.68
40241.00,89591907.00,29.9,30.1,30.13,29.8
40245.00,107326832.00,31.43,31.3,31.44,31.18
40247.00,148907755.00,31.98,32.12,32.21,31.89
40249.00,103841951.00,32.48,32.37,32.53,32.25
40253.00,111581993.00,32.03,32.06,32.14,31.79
40255.00,85156076.00,32.01,32.09,32.14,31.8
40259.00,113828294.00,31.5,32.11,32.29,31.45
40261.00,149419805.00,32.52,32.77,32.89,32.5
40263.00,159986658.00,32.71,32.99,33.14,32.65
40267.00,131326339.00,33.8,33.69,33.93,33.46
40269.00,150568295.00,33.93,33.71,34.1,33.25
40274.00,111431983.00,34.03,34.22,34.32,33.86
40276.00,142899723.00,34.35,34.28,34.51,34.01
40280.00,83236885.00,34.6,34.61,34.72,34.54
40282.00,100827750.00,35.04,35.1,35.12,34.87
40284.00,187514026.00,35.51,35.34,35.88,34.94
40288.00,177792843.00,35.51,34.94,35.61,34.71
40290.00,197849809.00,36.89,38.07,38.11,36.6
40294.00,119378876.00,38.84,38.5,38.92,38.31
40296.00,189375537.00,37.61,37.37,37.71,36.63
40298.00,135421971.00,38.47,37.3,38.65,37.29
40302.00,180620564.00,37.56,36.95,37.61,36.68
40304.00,319584886.00,36.26,35.18,36.89,28.46
40308.00,245539284.00,35.75,36.28,36.38,35.5
40310.00,163385299.00,37.04,37.44,37.59,36.96
40312.00,189368537.00,36.45,36.26,36.64,35.64
40316.00,194856888.00,36.71,36.05,36.94,35.75
40318.00,319497456.00,34.55,33.97,34.84,33.74
40322.00,188078156.00,35.33,35.25,35.84,35.18
40324.00,212125404.00,35.73,34.87,36.02,34.82
40326.00,203645811.00,37.06,36.7,37.06,36.19
40331.00,171594061.00,37.79,37.71,37.83,37.19
40333.00,189045767.00,36.89,36.57,37.41,36.38
40337.00,249904415.00,36.18,35.62,36.26,35.09
40339.00,193507918.00,34.98,35.79,35.85,34.6
40343.00,150469315.00,36.57,36.33,37.02,36.29
40345.00,195557169.00,37.3,38.18,38.25,37.23
40347.00,195928029.00,38.89,39.15,39.29,38.77
40351.00,178776694.00,38.88,39.12,39.42,38.79
40353.00,178309303.00,38.71,38.43,39.03,38.3
40357.00,146186434.00,38.13,38.33,38.54,37.79
40359.00,184538045.00,36.67,35.93,36.85,35.72
40361.00,173446612.00,35.78,35.28,35.85,34.74
40366.00,163169979.00,35.78,36.95,36.97,35.68
40368.00,108260072.00,36.7,37.09,37.13,36.45
40372.00,296797219.00,36.62,35.97,36.63,35.2
40374.00,205060442.00,35.46,35.92,36.71,35.33
40378.00,255842447.00,35.7,35.08,35.7,34.23
40380.00,295973249.00,37.87,36.32,37.88,36.29
40382.00,133236640.00,36.73,37.13,37.2,36.61
40386.00,145188934.00,37.27,37.73,37.83,37.19
40388.00,160834008.00,37.24,36.87,37.52,36.59
40392.00,106583082.00,37.21,37.41,37.51,37.09
40394.00,105052042.00,37.55,37.57,37.75,37.19
40396.00,111151143.00,37.11,37.16,37.36,36.8
40400.00,112874754.00,37.12,37.06,37.21,36.79
40402.00,133552620.00,35.24,35.97,36.16,35.16
40406.00,79420764.00,35.37,35.38,35.72,35.23
40408.00,84548265.00,36.05,36.15,36.38,35.94
40410.00,95681559.00,35.63,35.66,36.27,35.57
40414.00,150183995.00,34.67,34.28,34.71,34.09
40416.00,116284385.00,35.06,34.33,35.11,34.33
40420.00,95553599.00,34.39,34.64,35.11,34.38
40422.00,173960762.00,35.35,35.76,35.92,35.18
40424.00,130035609.00,36.44,36.97,36.97,36.36
40429.00,131395709.00,37.11,37.56,37.77,37.01
40431.00,96849369.00,37.6,37.63,37.79,37.34
40435.00,101293530.00,38.03,38.29,38.45,37.93
40437.00,162463819.00,38.61,39.51,39.52,38.5
40441.00,164490809.00,39.44,40.46,40.54,39.41
40443.00,146168794.00,40.39,41.11,41.14,40.34
40445.00,161761929.00,41.73,41.76,41.93,41.51
40449.00,258538988.00,41.68,40.98,41.68,39.29
40451.00,167988710.00,41.29,40.54,41.43,40.18
40455.00,108637023.00,40.23,39.81,40.41,39.68
40457.00,167206320.00,41.37,41.31,41.71,40.75
40459.00,164183439.00,41.67,42.01,42.07,41.43
40463.00,139112862.00,42.2,42.65,42.79,41.78
40465.00,108314742.00,43.1,43.19,43.21,42.91
40469.00,267603430.00,45.5,45.43,45.57,44.9
40471.00,179414674.00,44.14,44.36,44.89,43.84
40473.00,92488648.00,44.15,43.92,44.29,43.76
40477.00,97175079.00,43.84,44.01,44.25,43.66
40479.00,137111911.00,43.99,43.61,44,42.99
40483.00,105463082.00,43.17,43.45,43.66,43.17
40485.00,126496828.00,44.48,44.69,44.7,44.08
40487.00,90104657.00,45.43,45.3,45.65,45.25
40491.00,95514329.00,45.86,45.15,45.9,44.93
40493.00,90179837.00,45,45.24,45.49,44.89
40497.00,100475160.00,44.07,43.86,44.36,43.75
40499.00,119653066.00,43.03,42.93,43.43,42.54
40501.00,96113949.00,44,43.82,44.06,43.61
40505.00,129372219.00,44.35,44.1,44.54,43.79
40508.00,59436255.00,44.82,45,45.39,44.71
40512.00,125157098.00,44.79,44.45,44.91,44.41
40514.00,115699815.00,45.36,45.45,45.57,44.98
40518.00,111165143.00,45.52,45.74,46.05,45.49
40520.00,80165284.00,45.66,45.86,45.86,45.3
40522.00,65576594.00,45.66,45.79,45.86,45.51
40526.00,87718986.00,45.96,45.76,46.08,45.57
40528.00,80244454.00,45.87,45.89,46.09,45.73
40532.00,96006079.00,45.94,46.03,46.18,45.46
40534.00,66449697.00,46.34,46.45,46.53,46.22
40539.00,62274056.00,46.12,46.38,46.49,45.93
40541.00,40775656.00,46.6,46.47,46.64,46.44
40543.00,48344906.00,46.14,46.08,46.21,45.9
40547.00,77212123.00,47.49,47.33,47.5,46.88
40549.00,74957912.00,47.82,47.68,47.89,47.56
40553.00,111939414.00,48.4,48.92,49.03,48.17
40555.00,75491803.00,49.04,49.2,49.2,48.86
40557.00,76865693.00,49.41,49.78,49.78,49.21
40562.00,283119845.00,49.76,48.41,49.8,48.13
40564.00,188198066.00,47.68,46.67,47.84,46.66
40568.00,135998561.00,48.05,48.77,48.78,47.8
40570.00,71129331.00,49.11,49.03,49.24,48.98
40574.00,94202598.00,47.97,48.47,48.58,47.76
40576.00,64653258.00,49.21,49.19,49.32,49.08
40578.00,80346164.00,49.09,49.5,49.53,49.07
40582.00,94755248.00,50.53,50.74,50.79,50.31
40584.00,231786170.00,51.06,50.65,51.43,49.71
40588.00,77500243.00,50.97,51.31,51.35,50.96
40590.00,118767216.00,51.54,51.88,52.13,51.5
40592.00,203326891.00,51.24,50.08,51.36,49.93
40597.00,167580960.00,48.4,48.95,49.23,48.37
40599.00,94401188.00,49.32,49.74,49.78,49.26
40603.00,113527924.00,50.78,49.9,50.82,49.67
40605.00,124643787.00,51.03,51.37,51.4,50.85
40609.00,136302361.00,51.63,50.77,51.67,50.19
40611.00,113249954.00,50.67,50.35,50.68,50.09
40613.00,117542215.00,49.33,50.28,50.33,49.29
40617.00,179747944.00,48.87,49.35,49.69,48.59
40619.00,164523359.00,48.12,47.81,48.52,47.24
40623.00,103178211.00,48,48.47,48.53,47.89
40625.00,93078328.00,48.47,48.46,48.6,47.99
40627.00,111997444.00,49.72,50.22,50.29,49.57
40631.00,88011586.00,49.67,50.14,50.14,49.44
40633.00,68453161.00,49.48,49.79,49.97,49.44
40637.00,114751314.00,49.19,48.74,49.23,48.34
40639.00,100460810.00,48.75,48.29,49.13,48.16
40641.00,94195248.00,48.56,47.87,48.59,47.71
40645.00,106196122.00,47.21,47.49,47.68,47.17
40647.00,75357053.00,47.83,47.49,48,47.44
40651.00,152935766.00,46.59,47.41,47.46,45.74
40653.00,165860990.00,49.07,48.92,49.39,48.79
40658.00,66418687.00,50.05,50.43,50.54,50.04
40660.00,88778857.00,50.32,50.02,50.34,49.59
40662.00,208434163.00,49.54,50.02,50.56,49.52
40666.00,78201993.00,49.71,49.74,49.98,49.37
40668.00,83850155.00,49.77,49.54,50.14,49.44
40672.00,51143653.00,49.69,49.66,49.89,49.5
40674.00,83509605.00,49.86,49.6,50,49.32
40676.00,81443694.00,49.38,48.64,49.46,48.62
40680.00,113030224.00,47.43,48.02,48.02,47.25
40682.00,65148271.00,48.87,48.65,48.92,48.38
40686.00,95541069.00,47.14,47.77,48,47.06
40688.00,73437442.00,47.63,48.11,48.37,47.55
40690.00,50882462.00,47.83,48.2,48.23,47.76
40695.00,138299601.00,49.84,49.36,50.3,49.24
40697.00,77951813.00,49.03,49.06,49.33,48.86
40701.00,132345680.00,48.31,47.43,48.32,47.41
40703.00,68737284.00,47.61,47.36,47.67,47.25
40707.00,82344175.00,46.74,46.66,46.9,46.44
40709.00,98960500.00,47.11,46.68,47.19,46.41
40711.00,153715076.00,47,45.75,47.04,45.62
40715.00,123112957.00,45.24,46.47,46.54,45.03
40717.00,139572412.00,45.56,47.32,47.38,45.45
40721.00,84812375.00,46.8,47.43,47.7,46.75
40723.00,88123516.00,48.01,47.72,48.05,47.41
40725.00,109926493.00,47.99,49.04,49.07,47.74
40730.00,110994483.00,49.85,50.25,50.59,49.53
40732.00,122332877.00,50.48,51.39,51.43,50.31
40736.00,112716764.00,50.5,50.54,51.1,49.8
40738.00,107130272.00,51.57,51.11,51.66,50.91
40742.00,142687483.00,52.2,53.4,53.52,52.18
40744.00,234799250.00,56.59,55.27,56.61,55.14
40746.00,128609149.00,55.47,56.19,56.44,55.39
40750.00,118968676.00,57.14,57.63,57.79,57.1
40752.00,148241774.00,55.95,55.97,56.71,55.45
40756.00,152529696.00,56.83,56.68,57.07,56.05
40758.00,184655855.00,55.85,56.08,56.22,54.61
40760.00,300872480.00,54.35,53.37,54.79,51.8
40764.00,270036491.00,51.61,53.43,53.52,50.71
40766.00,185283336.00,52.93,53.39,53.64,52.1
40770.00,114931004.00,54.23,54.77,55,54.01
40772.00,110099393.00,54.62,54.35,54.93,54
40774.00,193669478.00,51.74,50.86,52.43,50.86
40778.00,163954819.00,51.47,53.37,53.38,51
40780.00,217625305.00,52.15,53.39,53.64,52.14
40784.00,101134490.00,55.45,55.71,55.93,55.43
40786.00,130506429.00,55.8,54.98,56.01,54.55
40788.00,109691503.00,53.53,53.44,54,53.12
40793.00,87373746.00,55.08,54.85,55.09,54.57
40795.00,141166172.00,54.85,53.93,55.14,53.57
40799.00,110052633.00,54.59,54.95,55.17,54.32
40801.00,103610951.00,55.92,56.14,56.24,55.7
40805.00,205318042.00,56.71,58.8,59.03,56.46
40807.00,150996555.00,59.95,58.88,60.23,58.86
40809.00,136487861.00,57.18,57.76,58.11,57.12
40813.00,157716487.00,58.39,57.04,58.46,56.87
40815.00,162647149.00,57.42,55.8,57.46,55.17
40819.00,166972660.00,54.34,53.51,54.66,53.31
40821.00,196160359.00,52.55,54.04,54.26,51.47
40823.00,133849140.00,53.68,52.83,53.96,52.64
40827.00,151188005.00,56.08,57.18,57.6,55.93
40829.00,105774372.00,57.85,58.35,58.35,57.55
40833.00,171172941.00,60.25,60,60.96,59.42
40835.00,275674643.00,57.34,56.95,58.35,56.83
40837.00,154943506.00,56.87,56.12,57.02,55.82
40841.00,107432952.00,57.86,56.82,58.08,56.77
40843.00,123496347.00,58.22,57.81,58.43,57.41
40847.00,96335779.00,57.49,57.83,58.48,57.29
40849.00,81719705.00,57.16,56.77,57.21,56.44
40851.00,75324993.00,57.43,57.18,57.63,57.02
40855.00,99898290.00,57.46,58.03,58.29,57.37
40857.00,186111226.00,56.72,55.03,56.74,54.59
40861.00,108182162.00,54.79,54.18,55.04,54.03
40863.00,87102636.00,55.61,54.97,55.88,54.9
40865.00,92964578.00,54.13,53.56,54.28,53.55
40869.00,102201781.00,53,53.79,53.99,52.99
40872.00,63689820.00,52.63,51.94,53.02,51.9
40876.00,93871498.00,53.69,53.31,54.12,52.89
40878.00,95857679.00,54.65,55.42,55.57,54.39
40882.00,89257027.00,56.21,56.14,56.63,55.77
40884.00,76144063.00,55.7,55.58,55.85,55.25
40886.00,74176572.00,56.12,56.23,56.29,55.86
40890.00,84620155.00,56.14,55.54,56.49,55.3
40892.00,64036768.00,54.76,54.13,54.82,54.04
40896.00,58582206.00,54.64,54.6,54.98,54.35
40898.00,65476620.00,56.67,56.64,56.76,56
40900.00,67331438.00,57.1,57.62,57.66,57.07
40905.00,57101943.00,58.13,57.52,58.32,57.33
40907.00,44900596.00,57.64,57.86,58.04,57.64
40912.00,64703000.00,58.57,59.06,59.24,58.47
40914.00,79538994.00,59.97,60.34,60.39,59.89
40918.00,64474443.00,60.84,60.46,60.86,60.21
40920.00,53125179.00,60.33,60.2,60.41,59.82
40925.00,60589792.00,60.6,60.67,60.86,60.42
40927.00,65151043.00,61.45,61.11,61.62,60.93
40931.00,76162193.00,60.38,61.06,61.21,60.33
40933.00,239249712.00,64.92,63.81,64.92,63.39
40935.00,74902122.00,63.48,63.9,64.07,63.4
40939.00,97874379.00,65.08,65.21,65.46,64.72
40941.00,46615058.00,65.13,65.02,65.31,64.85
40945.00,62225658.00,65.48,66.28,66.43,65.46
40947.00,101696381.00,67.21,68.1,68.11,67.1
40949.00,157587127.00,70.14,70.49,71.09,69.79
40953.00,114963904.00,72.09,72.78,72.79,71.71
40955.00,235805641.00,70.21,71.74,72.13,69.52
40960.00,150412545.00,72.41,73.55,73.55,72.02
40962.00,141721973.00,73.58,73.77,73.98,72.79
40966.00,136457481.00,74.47,75.11,75.5,73.75
40968.00,237448891.00,77.37,77.49,78.23,76.53
40970.00,107544392.00,77.75,77.88,78.11,77.5
40974.00,202211301.00,74.81,75.75,76.24,73.75
40976.00,128668929.00,76.38,77.43,77.57,76.02
40980.00,101001000.00,78.43,78.86,78.86,78.14
40982.00,353599156.00,82.58,84.23,84.96,82.2
40984.00,206076492.00,83.53,83.65,84.17,82.57
40988.00,203497481.00,85.64,86.57,86.7,83.14
40990.00,155867437.00,85.4,85.62,86.36,85.08
40994.00,148719035.00,85.68,86.71,86.74,85.04
40996.00,163667329.00,88.34,88.23,88.78,87.19
40998.00,182067395.00,86.97,85.65,87.22,85.42
41002.00,208117692.00,89.61,89.9,90.32,88.93
41004.00,159997578.00,89.57,90.53,90.67,89.06
41009.00,221909237.00,91.42,89.78,92,89.43
41011.00,153188746.00,89.29,88.97,90.19,88.64
41015.00,262356159.00,87.15,82.88,87.18,82.61
41017.00,238277411.00,87.67,86.91,88.61,86.1
41019.00,257480867.00,84.48,81.85,84.95,81.49
41023.00,263552249.00,80.37,80.04,81.1,79.29
41025.00,133588810.00,87.75,86.81,87.81,86.02
41029.00,126321688.00,85.4,83.43,85.49,83.29
41031.00,106750312.00,82.89,83.71,83.91,82.69
41033.00,132304520.00,82.44,80.75,82.62,80.74
41037.00,124080357.00,81.37,81.17,81.64,79.82
41039.00,83026395.00,82.08,81.5,82.27,81.21
41043.00,87975396.00,80.37,79.75,81.07,79.66
41045.00,139914782.00,79.15,78.01,79.56,77.29
41047.00,182773345.00,76.28,75.77,77.63,74.6
41051.00,173417772.00,81.36,79.57,81.98,78.94
41053.00,123856147.00,82.27,80.76,82.36,80.18
41058.00,94973228.00,81.56,81.75,82,80.76
41060.00,122817347.00,82.96,82.53,83.07,81.64
41064.00,138991972.00,80.21,80.61,81.07,78.36
41066.00,100135800.00,81.11,81.64,81.98,80.79
41068.00,86587996.00,81.66,82.9,82.94,81.29
41072.00,108784723.00,82.07,82.31,82.37,80.96
41074.00,86325986.00,81.61,81.65,81.93,81.04
41078.00,109922713.00,81.57,83.68,83.98,81.48
41080.00,89706357.00,84.03,83.68,84.18,82.97
41082.00,70792001.00,82.72,83.16,83.17,82.2
41086.00,69124972.00,81.62,81.72,82.07,81.05
41088.00,70572061.00,81.67,81.29,82,80.8
41092.00,99806940.00,83.53,84.65,84.78,83.37
41095.00,120978516.00,85.79,87.13,87.76,85.66
41099.00,94701768.00,86.47,87.7,87.7,86.3
41101.00,117068665.00,86.59,86.35,86.81,85.32
41103.00,77827633.00,86.14,86.42,86.74,85.71
41107.00,73378782.00,87.26,86.71,87.36,86.16
41109.00,108981913.00,87.33,87.76,87.91,86.57
41113.00,121642186.00,84.91,86.26,86.56,83.96
41115.00,219211506.00,82.07,82.14,82.97,81.43
41117.00,100956620.00,82.14,83.59,83.69,81.66
41121.00,115373055.00,86.18,87.25,87.39,86.1
41123.00,83023385.00,86.12,86.83,87.24,85.75
41127.00,75488233.00,88.18,88.94,89.27,87.89
41129.00,60970746.00,88.48,88.55,89.13,88.16
41131.00,48726623.00,88.39,88.81,88.82,88.39
41135.00,84939075.00,90.27,90.24,91.23,90.03
41137.00,63601368.00,90.17,90.91,90.97,90.07
41141.00,152992536.00,92.86,95.02,95.02,92.84
41143.00,140900172.00,93.49,95.55,95.57,92.59
41145.00,107074132.00,94.22,94.75,95.64,93.65
41149.00,66709096.00,96.43,96.4,96.59,95.81
41151.00,75514273.00,95.81,94.84,95.94,94.69
41156.00,91805028.00,95.11,96.42,96.45,94.93
41158.00,97738999.00,96.17,96.61,96.9,95.83
41162.00,121551956.00,97.21,94.68,97.61,94.59
41164.00,177589913.00,95.26,95.68,95.7,93.71
41166.00,149877325.00,98.57,98.75,99.57,98.27
41170.00,93139368.00,99.98,100.27,100.33,99.49
41172.00,83949835.00,99.88,99.81,100.01,99.09
41176.00,159435968.00,98.12,98.68,99.3,97.57
41178.00,144088393.00,95.53,95.03,96.1,94.46
41180.00,133569490.00,96.96,95.3,97.3,95.25
41184.00,156293037.00,94.54,94.47,95.19,92.95
41186.00,92516018.00,95.89,95.26,96.32,95.08
41190.00,159189568.00,92.41,91.17,92.51,90.87
41192.00,127322338.00,91.39,91.56,92.14,91
41194.00,114883754.00,89.94,89.96,90.77,89.33
41198.00,137208791.00,90.77,92.83,92.9,90.14
41200.00,119025656.00,91.37,90.38,91.72,90
41204.00,136374671.00,87.49,90.58,90.77,87.25
41206.00,139246492.00,88.78,88.12,89.51,87.23
41208.00,254608276.00,87.06,86.29,87.71,84.43
41214.00,90287637.00,85.46,85.22,86.14,84.88
41218.00,132221850.00,83.36,83.52,83.97,82.51
41220.00,198152419.00,81.98,79.71,82.08,79.39
41222.00,232298080.00,77.2,78.15,79.27,76.25
41226.00,133201920.00,76.99,77.56,78.64,76.62
41228.00,197157859.00,76.79,75.09,77.07,74.66
41232.00,205441312.00,77.24,80.82,81.07,77.13
41234.00,93231278.00,80.61,80.24,81.05,79.51
41239.00,157238387.00,82.27,84.22,84.29,81.96
41241.00,130112749.00,82.47,83.28,83.69,81.75
41243.00,97622309.00,83.83,83.61,84.06,83.24
41247.00,138712182.00,83.11,82.26,83.11,81.73
41249.00,294065958.00,75.56,78.18,79.04,74.09
41253.00,157477787.00,75,75.69,76.93,74.51
41255.00,121630216.00,78.25,77,78.29,76.61
41257.00,252115436.00,73.54,72.83,74.02,72.23
41261.00,156143657.00,75,76.27,76.41,74.32
41263.00,120153986.00,75.71,74.53,75.74,74.13
41267.00,43936990.00,74.34,74.31,74.89,74.1
41270.00,113575314.00,73.36,73.58,73.75,72.09
41274.00,164519649.00,72.93,76.02,76.49,72.71
41277.00,88054216.00,78.27,77.44,78.52,77.29
41281.00,120838376.00,74.57,74.84,75.61,73.6
41283.00,101748741.00,74.64,73.87,75,73.71
41285.00,87569116.00,74.43,74.33,75.05,74.15
41289.00,217802615.00,71.19,69.42,71.28,69.05
41291.00,112900444.00,72.9,71.81,72.96,71.72
41296.00,114745924.00,72.08,72.11,72.55,70.95
41298.00,364459099.00,65.71,64.36,66.53,64.32
41302.00,195771859.00,62.55,64.26,64.74,62.27
41304.00,104140851.00,65.29,65.26,66.09,64.93
41306.00,134704470.00,65.59,64.8,65.64,64.05
41310.00,142959083.00,63.44,65.41,65.68,63.17
41312.00,175627813.00,66.18,66.89,67.14,64.87
41316.00,128206578.00,68.07,68.56,69.28,67.61
41318.00,118682866.00,66.74,66.72,67.66,66.17
41320.00,97873819.00,66.98,65.74,67.17,65.7
41325.00,118823076.00,65.38,64.12,65.38,64.11
41327.00,82560265.00,64.18,64.4,64.51,63.8
41331.00,125040618.00,63.4,64.14,64.51,62.52
41333.00,80512484.00,63.44,63.06,63.98,63.06
41337.00,144332343.00,61.11,60.01,61.17,59.86
41339.00,114860374.00,62.07,60.81,62.18,60.63
41341.00,97466769.00,61.4,61.67,62.2,61.23
41345.00,116142145.00,62.23,61.2,62.7,61.08
41347.00,75801483.00,61.83,61.79,62.09,61.49
41351.00,149961185.00,63.06,65.1,65.35,63.03
41353.00,76980353.00,65.35,64.58,65.38,64.23
41355.00,98261129.00,64.94,65.99,66.01,64.73
41359.00,73390892.00,66.49,65.88,66.55,65.79
41361.00,110618443.00,64.26,63.24,64.55,63.09
41366.00,132255450.00,61.09,61.4,62.59,60.91
41368.00,89574827.00,61.97,61.1,62.14,60.75
41372.00,75145863.00,60.69,60.89,61.07,60.36
41374.00,93883258.00,61.16,62.24,62.44,60.86
41376.00,59634201.00,62.02,61.4,62.02,61.3
41380.00,76203143.00,60.22,60.89,60.94,60.08
41382.00,166414970.00,57.86,56.01,57.97,55.68
41386.00,107226032.00,56.09,56.95,57.46,55.9
41388.00,242352533.00,56.22,57.92,59.32,56.07
41390.00,190977767.00,58.54,59.6,59.82,58.32
41394.00,172699362.00,62.16,63.25,63.61,61.72
41396.00,105409532.00,63.11,63.65,64.08,62.95
41400.00,123979417.00,65.1,65.82,66.03,64.9
41402.00,117977895.00,65.58,66.26,66.48,65.12
41404.00,83615305.00,65.42,64.71,65.67,64.35
41408.00,111617413.00,64.84,63.41,65.03,63.16
41410.00,150737695.00,60.46,62.08,62.55,59.84
41414.00,112529584.00,61.7,63.28,63.69,61.44
41416.00,110682773.00,63.44,63.05,64.05,62.6
41418.00,69009031.00,62.98,63.59,63.67,62.91
41423.00,82553265.00,62.86,63.56,63.93,62.77
41425.00,95688069.00,64.64,64.25,65.3,64.21
41429.00,72575322.00,64.75,64.19,64.92,63.91
41431.00,104167451.00,63.64,62.64,63.86,62.01
41435.00,112489474.00,63.53,62.7,64.15,62.4
41437.00,66270567.00,62.79,61.74,63.04,61.64
41439.00,67955299.00,62.2,61.44,62.33,61.21
41443.00,48375328.00,61.65,61.68,62.13,61.46
41445.00,89321357.00,59.9,59.55,60.85,59.31
41449.00,120047026.00,58.2,57.51,58.38,56.86
41451.00,91911848.00,57.7,56.87,57.83,56.52
41453.00,144584903.00,55.91,56.65,57.18,55.55
41457.00,117427695.00,58.57,59.78,60.23,58.5
41460.00,68482701.00,60.06,59.63,60.47,59.34
41464.00,88135556.00,59.09,60.34,60.5,58.63
41466.00,81567174.00,60.42,61.04,61.18,60.17
41470.00,60473991.00,60.72,61.06,61.64,60.69
41472.00,49737479.00,61.39,61.47,61.75,61.17
41474.00,67137272.00,61.87,60.71,62,60.62
41478.00,88619467.00,60.86,59.86,60.99,59.82
41480.00,57358143.00,62.96,62.64,63.06,62.26
41484.00,62006404.00,62.97,63.97,64.28,62.89
41486.00,80624904.00,65,64.65,65.33,64.2
41488.00,68411287.00,65.43,66.08,66.12,65.24
41492.00,83703085.00,66.86,66.46,67.41,66.02
41494.00,63939790.00,66.27,65.86,66.3,65.42
41498.00,90984207.00,65.27,66.77,66.95,65.23
41500.00,188427037.00,71.13,71.21,72.04,70.49
41502.00,90314517.00,71.45,71.76,71.85,71.27
41506.00,89508677.00,72.82,71.58,72.94,71.55
41508.00,60866474.00,72.14,71.85,72.23,71.17
41512.00,82354395.00,71.54,71.85,72.89,71.5
41514.00,76746763.00,69.43,70.13,70.83,69.43
41516.00,68053649.00,70.29,69.6,70.42,69.5
41521.00,86016026.00,71.37,71.24,71.75,70.9
41523.00,89482147.00,71.21,71.17,71.34,69.99
41527.00,185372026.00,72.31,70.66,72.49,69.93
41529.00,100856800.00,66.93,67.53,67.91,66.57
41533.00,136563951.00,65.86,64.3,65.94,63.89
41535.00,113636704.00,66.17,66.38,66.62,65.81
41537.00,174425492.00,68.29,66.77,68.36,66.57
41541.00,90481397.00,70.7,69.87,70.78,69.69
41543.00,59050786.00,69.43,69.46,69.79,69.13
41547.00,64764985.00,68.18,68.11,68.81,67.77
41549.00,71799162.00,69.38,69.94,70.26,69.11
41551.00,64638089.00,69.12,69,69.23,68.37
41555.00,72260532.00,69.99,68.71,70.09,68.65
41557.00,69186523.00,70.19,69.95,70.34,69.58
41561.00,65216780.00,69.98,70.86,71.08,69.91
41563.00,62449609.00,71.54,71.59,71.79,71.32
41565.00,72195292.00,72.28,72.7,72.75,72.24
41569.00,133200030.00,75.2,74.27,75.49,72.58
41571.00,96004539.00,75,75.99,76.07,74.64
41575.00,124205797.00,75.58,75.7,75.86,74.74
41577.00,88125406.00,74.23,74.99,75.36,73.86
41579.00,68524519.00,74.86,74.29,74.97,73.69
41583.00,66243519.00,74.94,75.06,75.56,74.71
41585.00,65542966.00,74.23,73.21,74.74,73.2
41589.00,56747589.00,74.28,74.15,74.52,73.49
41591.00,49154022.00,74,74.38,74.61,73.85
41593.00,79339984.00,75.23,75,75.58,74.93
41597.00,52105335.00,74.15,74.22,74.77,74
41599.00,65382638.00,73.94,74.45,74.46,73.38
41603.00,57270811.00,74.43,74.82,75.12,74.43
41605.00,90644497.00,76.62,77.99,78,76.2
41610.00,117918255.00,79.71,78.75,80.62,78.69
41612.00,94279248.00,80.79,80.71,81.31,80.12
41614.00,85919076.00,80.83,80,80.96,79.94
41618.00,69101620.00,80.51,80.79,81.13,80.17
41620.00,65465763.00,80.31,80.08,80.76,80
41624.00,70547981.00,79.29,79.64,80.38,79.29
41626.00,141217062.00,78.53,78.68,78.78,76.97
41628.00,108738663.00,77.92,78.43,78.8,77.83
41632.00,41888748.00,81.41,81.1,81.7,80.86
41635.00,56385717.00,80.55,80.01,80.63,79.93
41639.00,55761100.00,79.17,80.15,80.18,79.14
41642.00,98046999.00,78.98,77.28,79.1,77.2
41646.00,80172914.00,77.76,77.15,77.99,76.85
41648.00,69762819.00,78.11,76.65,78.12,76.48
41652.00,94612448.00,75.7,76.53,77.5,75.7
41654.00,97888589.00,79.07,79.62,80.03,78.81
41656.00,106660852.00,78.78,77.24,78.87,77.13
41661.00,94941728.00,78.7,78.79,79.61,78.26
41663.00,107943182.00,79.14,78.01,79.37,77.82
41667.00,266302550.00,72.68,72.36,73.57,71.72
41669.00,169602001.00,71.79,71.4,72.36,70.96
41673.00,100347900.00,71.8,71.65,72.53,71.33
41675.00,82072855.00,72.37,73.23,73.61,72.32
41677.00,93444918.00,74.48,74.24,74.7,73.91
41681.00,70489461.00,75.8,76.57,76.82,75.64
41683.00,76790093.00,76.38,77.78,77.84,76.31
41688.00,65048101.00,78,78,78.74,77.94
41690.00,76457383.00,76.14,75.88,76.71,75.57
41694.00,72208942.00,74.74,75.36,75.7,74.63
41696.00,69024270.00,74.8,73.91,75,73.66
41698.00,92930208.00,75.58,75.18,76.11,74.59
41702.00,64772440.00,75.86,75.89,76.09,75.4
41704.00,46363282.00,76.11,75.82,76.35,75.44
41708.00,44638950.00,75.48,75.85,76.19,75.48
41710.00,49819071.00,76.36,76.66,76.76,76
41712.00,59166181.00,75.54,74.96,75.84,74.71
41716.00,52279152.00,75.13,75.91,76,75.03
41718.00,52017415.00,75.7,75.53,76.1,75.34
41722.00,88674487.00,76.92,77.03,77.21,76.44
41724.00,74394902.00,78.07,77.11,78.43,76.98
41726.00,49703046.00,76.9,76.69,76.99,76.32
41730.00,50069657.00,76.82,77.38,77.41,76.68
41732.00,40472773.00,77.34,76.97,77.5,76.81
41736.00,72146992.00,75.43,74.78,75.84,74.56
41738.00,51357706.00,74.66,75.76,75.78,74.57
41740.00,67920698.00,74.14,74.23,74.69,73.88
41744.00,66461884.00,74.32,73.99,74.52,73.05
41746.00,70978621.00,74.29,74.99,75.39,74.17
41751.00,50607747.00,75.47,75.96,75.98,75.21
41753.00,189588407.00,81.17,81.11,81.43,80.1
41757.00,167001640.00,81.83,84.87,85.11,81.79
41759.00,114029614.00,84.66,84.3,85.63,84.26
41761.00,47673150.00,84.62,84.65,84.89,84.24
41765.00,93468228.00,85.97,84.92,86.34,84.92
41767.00,57243511.00,84.04,84,84.92,83.77
41771.00,53184042.00,83.93,84.69,84.81,83.91
41773.00,41505203.00,84.63,84.84,85.34,84.53
41775.00,68960136.00,84.09,85.36,85.36,83.63
41779.00,58232373.00,86.36,86.39,86.63,85.82
41781.00,50142667.00,86.66,86.75,87.12,86.3
41786.00,86840486.00,87.98,89.38,89.41,87.95
41788.00,93737728.00,89.69,90.77,90.98,89.68
41792.00,92179668.00,90.57,89.81,90.69,88.93
41794.00,83735285.00,91.06,92.12,92.56,90.87
41796.00,87403076.00,92.84,92.22,93.04,92.07
41800.00,62563070.00,94.73,94.25,95.05,93.57
41802.00,54628650.00,94.04,92.29,94.12,91.9
41806.00,35371460.00,91.51,92.2,92.75,91.45
41808.00,33314720.00,92.27,92.18,92.29,91.35
41810.00,100478600.00,91.85,90.91,92.55,90.9
41814.00,38977670.00,90.75,90.28,91.74,90.19
41816.00,32528680.00,90.37,90.9,91.05,89.8
41820.00,49474230.00,92.1,92.93,93.73,92.09
41822.00,28414310.00,93.87,93.48,94.06,93.09
41827.00,54809030.00,94.14,95.97,95.99,94.1
41829.00,36267350.00,95.44,95.39,95.95,94.76
41831.00,33960300.00,95.36,95.22,95.89,94.86
41835.00,45187420.00,96.8,95.32,96.85,95.03
41837.00,57111160.00,95.03,93.09,95.28,92.57
41841.00,38792960.00,94.99,93.94,95,93.72
41843.00,90937230.00,95.42,97.19,97.88,95.17
41845.00,43384590.00,96.85,97.67,97.84,96.64
41849.00,42957960.00,99.33,98.38,99.44,98.25
41851.00,56625420.00,97.16,95.6,97.45,95.33
41855.00,39860740.00,96.37,95.59,96.58,95.17
41857.00,38463700.00,94.75,94.96,95.48,94.71
41859.00,41783300.00,94.26,94.74,94.82,93.28
41863.00,33485870.00,96.04,95.97,96.88,95.61
41865.00,28056530.00,97.33,97.5,97.57,96.8
41869.00,47285630.00,98.49,99.16,99.37,97.98
41871.00,52565000.00,100.44,100.57,101.09,99.95
41873.00,44028280.00,100.29,101.32,101.47,100.19
41877.00,33079170.00,101.42,100.89,101.5,100.86
41879.00,68368740.00,101.59,102.25,102.78,101.56
41884.00,53227770.00,103.06,103.3,103.74,102.72
41886.00,85537710.00,98.85,98.12,100.09,97.79
41890.00,46176570.00,99.3,98.36,99.31,98.05
41892.00,100352500.00,98.01,101,101.11,97.76
41894.00,62826040.00,101.21,101.66,102.19,101.08
41898.00,66754370.00,99.8,100.86,101.26,98.89
41900.00,36971170.00,101.93,101.79,102.35,101.56
41904.00,52421660.00,101.8,101.06,102.14,100.58
41906.00,59974260.00,102.16,101.75,102.85,101.2
41908.00,62276770.00,98.53,100.75,100.75,98.4
41912.00,55119980.00,100.81,100.75,101.54,100.53
41914.00,47697150.00,99.27,99.9,100.22,98.04
41918.00,36780620.00,99.95,99.62,100.65,99.42
41920.00,57329820.00,98.76,100.8,101.11,98.31
41922.00,66249770.00,100.69,100.73,102.03,100.3
41926.00,63287170.00,100.39,98.75,100.52,98.57
41928.00,72017830.00,95.55,96.26,97.72,95.41
41932.00,75705040.00,98.32,99.76,99.96,98.22
41934.00,68140010.00,102.84,102.99,104.11,102.6
41936.00,46937880.00,105.18,105.22,105.49,104.53
41940.00,47689070.00,105.4,106.74,106.74,105.35
41942.00,40572000.00,106.96,106.98,107.35,105.9
41946.00,52154490.00,108.22,109.4,110.3,108.01
41948.00,37365530.00,109.1,108.86,109.3,108.13
41950.00,33655280.00,108.75,109.01,109.32,108.55
41954.00,27330410.00,108.7,109.7,109.75,108.4
41956.00,59418180.00,111.8,112.82,113.45,111.6
41960.00,46687710.00,114.27,113.99,117.28,113.3
41962.00,41815550.00,115.44,114.67,115.74,113.8
41964.00,56759320.00,117.51,116.47,117.57,116.03
41968.00,68719930.00,119.07,117.6,119.75,117.45
41971.00,24814400.00,119.27,118.93,119.4,118.05
41975.00,59205320.00,113.5,114.63,115.75,112.75
41977.00,42068020.00,115.77,115.49,117.2,115.29
41981.00,57445030.00,114.1,112.4,114.65,111.62
41983.00,44475360.00,114.41,111.95,114.85,111.54
41985.00,55873820.00,110.46,109.73,111.87,109.58
41989.00,60651790.00,106.37,106.75,110.16,106.26
41991.00,58785590.00,111.87,112.65,112.65,110.66
41995.00,45097060.00,112.16,112.94,113.49,111.97
41997.00,14479610.00,112.58,112.01,112.71,112.01
42002.00,27533430.00,113.79,113.91,114.77,113.7
42004.00,41304780.00,112.82,110.38,113.13,110.21
42009.00,64210880.00,108.29,106.25,108.65,105.41
42011.00,39983350.00,107.2,107.75,108.2,106.7
42013.00,53645730.00,112.67,112.01,113.25,110.21
42017.00,66969980.00,111.43,110.22,112.8,108.91
42019.00,59808470.00,110,106.82,110.06,106.66
42024.00,49742320.00,107.84,108.72,108.97,106.5
42026.00,53717440.00,110.26,112.4,112.47,109.72
42030.00,55457420.00,113.74,113.1,114.36,112.8
42032.00,146184300.00,117.63,115.31,118.12,115.31
42034.00,83646800.00,118.4,117.16,120,116.85
42038.00,51842080.00,118.5,118.65,119.09,117.61
42040.00,42197110.00,120.02,119.94,120.23,119.25
42044.00,37900780.00,118.55,119.72,119.84,118.43
42046.00,73278020.00,122.77,124.88,124.92,122.5
42048.00,53955650.00,127.28,127.08,127.28,125.65
42053.00,44695980.00,127.63,128.72,128.78,127.45
42055.00,48878410.00,128.62,129.5,129.5,128.05
42059.00,69109410.00,132.94,132.17,133.6,131.17
42061.00,91171830.00,128.79,130.42,130.87,126.61
42065.00,48042680.00,129.25,129.09,130.28,128.3
42067.00,31588480.00,129.1,128.54,129.56,128.32
42069.00,72699680.00,128.4,126.6,129.37,126.26
42073.00,68720360.00,126.41,124.51,127.22,123.8
42075.00,48233270.00,122.31,124.45,124.9,121.63
42079.00,35816300.00,123.88,124.95,124.95,122.87
42081.00,65118170.00,127,128.47,129.16,126.37
42083.00,68516180.00,128.25,125.9,128.4,125.16
42087.00,32747200.00,127.23,126.69,128.04,126.56
42089.00,47409610.00,122.76,124.24,124.88,122.6
42093.00,46974980.00,124.05,126.37,126.4,124
42095.00,40463140.00,124.82,124.25,125.12,123.1
42100.00,36917490.00,124.47,127.35,127.51,124.33
42102.00,37272090.00,125.85,125.6,126.4,124.97
42104.00,40125760.00,125.95,127.1,127.21,125.26
42108.00,25418280.00,127,126.3,127.29,125.91
42110.00,28020240.00,126.28,126.17,127.1,126.11
42114.00,46975110.00,125.57,127.6,128.12,125.17
42116.00,37575420.00,126.99,128.62,128.87,126.32
42118.00,44209710.00,130.49,130.28,130.63,129.23
42122.00,118693700.00,134.46,130.56,134.54,129.57
42124.00,82924980.00,127.5,125.15,127.88,124.58
42128.00,50905020.00,129.5,128.7,130.57,128.26
42130.00,72037370.00,126.56,125.01,126.75,123.36
42132.00,55473820.00,126.68,127.62,127.62,126.11
42136.00,48073450.00,125.6,125.87,126.88,124.82
42138.00,45123920.00,127.41,128.95,128.95,127.16
42142.00,50723240.00,128.38,130.19,130.72,128.36
42144.00,36261170.00,130,130.06,130.98,129.34
42146.00,45469340.00,131.6,132.54,132.97,131.4
42151.00,45771120.00,130.34,132.05,132.26,130.05
42153.00,50474170.00,131.23,130.28,131.45,129.9
42157.00,33595980.00,129.86,129.96,130.66,129.32
42159.00,38335980.00,129.58,129.36,130.58,128.91
42163.00,52609900.00,128.9,127.8,129.21,126.83
42165.00,39029190.00,127.92,128.88,129.34,127.85
42167.00,36826260.00,128.19,127.17,128.33,127.11
42171.00,31443650.00,127.03,127.6,127.85,126.37
42173.00,35363990.00,127.23,127.88,128.31,127.22
42177.00,33976180.00,127.49,127.61,128.06,127.08
42179.00,55077520.00,127.21,128.11,129.8,127.12
42181.00,43986290.00,127.67,126.75,127.99,126.51
42185.00,44326050.00,125.57,125.43,126.12,124.86
42187.00,27171180.00,126.43,126.44,126.69,125.77
42192.00,46737090.00,125.89,125.69,126.15,123.77
42194.00,78291510.00,123.85,120.07,124.06,119.22
42198.00,41365600.00,125.03,125.66,125.76,124.32
42200.00,33559770.00,125.72,126.82,127.15,125.58
42202.00,45970470.00,129.08,129.62,129.62,128.31
42206.00,73006780.00,132.85,130.75,132.92,130.32
42208.00,50832950.00,126.2,125.16,127.09,125.06
42212.00,44371580.00,123.09,122.77,123.61,122.12
42214.00,36912040.00,123.15,122.99,123.5,122.27
42216.00,42832890.00,122.6,121.3,122.64,120.91
42220.00,123601900.00,117.42,114.64,117.7,113.25
42222.00,52828890.00,115.97,115.13,116.5,114.12
42226.00,54851010.00,116.53,119.72,119.99,116.53
42228.00,101593400.00,112.53,115.24,115.42,109.63
42230.00,42876370.00,114.32,115.96,116.31,114.01
42234.00,34525630.00,116.43,116.5,117.44,116.01
42236.00,68176940.00,114.08,112.65,114.35,111.63
42240.00,161882500.00,94.87,103.12,108.8,92
42242.00,96531890.00,107.09,109.69,109.89,105.05
42244.00,53075960.00,112.17,113.29,113.31,111.54
42248.00,76562170.00,110.15,107.72,111.88,107.36
42250.00,53142590.00,112.49,110.37,112.78,110.04
42255.00,54507300.00,111.65,112.31,112.56,110.32
42257.00,62800770.00,110.27,112.57,113.28,109.9
42261.00,58279570.00,116.58,115.31,116.89,114.86
42263.00,37080720.00,116.25,116.41,116.54,115.44
42265.00,73991000.00,112.21,113.45,114.3,111.87
42269.00,50278030.00,113.38,113.4,114.18,112.52
42271.00,50061580.00,113.25,115,115.5,112.37
42275.00,51861990.00,113.85,112.44,114.57,112.44
42277.00,66300930.00,110.17,110.3,111.54,108.73
42279.00,57774940.00,108.01,110.38,111.01,107.55
42283.00,48702200.00,110.63,111.31,111.74,109.77
42285.00,61747260.00,110.19,109.5,110.19,108.21
42289.00,30386830.00,112.73,111.6,112.75,111.44
42291.00,44434220.00,111.29,110.21,111.52,109.56
42293.00,38794930.00,111.78,111.04,112,110.53
42297.00,48929200.00,111.34,113.77,114.17,110.82
42299.00,41430660.00,114.33,115.5,115.5,114.1
42303.00,66139770.00,118.08,115.28,118.13,114.92
42305.00,85436210.00,116.93,119.27,119.3,116.06
42307.00,49305220.00,120.99,119.5,121.22,119.45
42311.00,45479260.00,120.79,122.57,123.49,120.7
42313.00,39483400.00,121.85,120.92,122.69,120.18
42317.00,33829290.00,120.96,120.57,121.81,120.05
42319.00,45179400.00,116.37,116.11,117.42,115.21
42321.00,45555300.00,115.2,112.34,115.57,112.27
42325.00,27584020.00,114.92,113.69,115.05,113.32
42327.00,43233950.00,117.64,118.78,119.75,116.76
42331.00,32445680.00,119.27,117.75,119.73,117.34
42333.00,21341960.00,119.21,118.03,119.23,117.92
42338.00,38063130.00,117.99,118.3,119.41,117.75
42340.00,33316990.00,117.05,116.28,118.11,116.08
42342.00,57717870.00,115.29,119.03,119.25,115.11
42346.00,34275420.00,117.52,118.23,118.6,116.86
42348.00,29158640.00,116.04,116.17,116.94,115.51
42352.00,64678220.00,112.18,112.48,112.68,109.79
42354.00,56157370.00,111.07,111.34,111.99,108.8
42356.00,96197190.00,108.91,106.03,109.52,105.81
42360.00,32728460.00,107.4,107.23,107.72,106.45
42362.00,13596680.00,109,108.03,109,107.95
42367.00,30912260.00,106.96,108.74,109.43,106.86
42369.00,40885480.00,107.01,105.26,107.03,104.82
42374.00,55583140.00,105.75,102.71,105.85,102.41
42376.00,80742460.00,98.68,96.45,100.13,96.43
42380.00,49687870.00,98.97,98.53,99.06,97.34
42382.00,62285770.00,100.32,97.39,101.19,97.3
42384.00,79356010.00,96.2,97.13,97.71,95.36
42389.00,72274300.00,95.1,96.79,98.19,93.42
42391.00,65648660.00,98.63,101.42,101.46,98.37
42395.00,71937310.00,99.93,99.99,100.88,98.07
42397.00,55622370.00,93.79,94.09,94.52,92.39
42401.00,40814360.00,96.47,96.43,96.71,95.4
42403.00,45870130.00,95,96.35,96.84,94.08
42405.00,46315620.00,96.52,94.02,96.92,93.69
42409.00,44282560.00,94.29,94.99,95.94,93.93
42411.00,49979700.00,93.79,93.7,94.72,92.59
42416.00,48032600.00,95.02,96.64,96.85,94.61
42418.00,38866100.00,98.84,96.26,98.89,96.09
42422.00,34240470.00,96.31,96.88,96.9,95.92
42424.00,36192150.00,93.98,96.1,96.38,93.32
42426.00,28949760.00,97.2,96.91,98.02,96.58
42430.00,50303500.00,97.65,100.53,100.77,97.42
42432.00,36884490.00,100.58,101.5,101.71,100.45
42436.00,35890740.00,102.39,101.87,102.83,100.96
42438.00,27148530.00,101.31,101.12,101.58,100.27
42440.00,27368840.00,102.24,102.26,102.28,101.5
42444.00,40026250.00,103.96,104.58,105.18,103.85
42446.00,34394830.00,105.52,105.8,106.47,104.96
42450.00,35454230.00,105.93,105.91,107.65,105.14
42452.00,25686350.00,106.48,106.13,107.07,105.9
42457.00,19354440.00,106,105.19,106.19,105.06
42459.00,45547590.00,108.65,109.56,110.42,108.6
42461.00,25820460.00,108.78,109.99,110,108.2
42465.00,26560420.00,109.51,109.81,110.73,109.42
42467.00,31735810.00,109.95,108.54,110.42,108.12
42471.00,29357940.00,108.97,109.02,110.61,108.83
42473.00,32771760.00,110.8,112.04,112.34,110.8
42475.00,46873670.00,112.11,109.85,112.3,109.73
42479.00,32340620.00,107.88,106.91,108,106.23
42481.00,31416910.00,106.93,105.97,106.93,105.52
42485.00,27997990.00,105,105.08,105.65,104.51
42487.00,114436300.00,96,97.82,98.71,95.68
42489.00,68388840.00,93.99,93.74,94.72,92.51
42493.00,56770080.00,94.2,95.18,95.74,93.68
42495.00,35850220.00,94,93.24,94.07,92.68
42499.00,32895650.00,93,92.79,93.77,92.59
42501.00,28641180.00,93.48,92.51,93.57,92.46
42503.00,44223040.00,90,90.52,91.67,90
42507.00,46858910.00,94.55,93.49,94.7,93.01
42509.00,30417880.00,94.64,94.2,94.64,93.57
42513.00,37977020.00,95.87,96.43,97.19,95.67
42515.00,38258300.00,98.67,99.62,99.74,98.11
42517.00,36299460.00,99.44,100.35,100.47,99.25
42522.00,29139100.00,99.02,98.46,99.54,98.33
42524.00,28487570.00,97.79,97.92,98.27,97.45
42528.00,22378380.00,99.25,99.03,99.87,98.96
42530.00,26575570.00,98.5,99.65,99.99,98.46
42534.00,37708360.00,98.69,97.34,99.12,97.1
42536.00,29373050.00,97.82,97.14,98.41,97.03
42538.00,60793260.00,96.62,95.33,96.65,95.3
42542.00,35407050.00,94.94,95.91,96.35,94.68
42544.00,32042290.00,95.94,96.1,96.29,95.25
42548.00,45595680.00,93,92.04,93.05,91.5
42550.00,36505420.00,93.97,94.4,94.55,93.63
42552.00,25982080.00,95.49,95.89,96.47,95.33
42557.00,30877540.00,94.6,95.53,95.66,94.37
42559.00,28877500.00,96.49,96.68,96.89,96.05
42563.00,24129530.00,97.17,97.42,97.7,97.12
42565.00,38885980.00,97.39,98.79,98.99,97.32
42569.00,36464530.00,98.7,99.83,100.13,98.6
42571.00,26219110.00,100,99.96,100.46,99.74
42573.00,28218240.00,99.26,98.66,99.3,98.31
42577.00,53454620.00,96.82,96.67,97.97,96.42
42579.00,38771840.00,102.83,104.34,104.45,102.82
42583.00,38018910.00,104.41,106.05,106.15,104.41
42585.00,30148360.00,104.81,105.79,105.84,104.77
42587.00,39546610.00,106.27,107.48,107.65,106.18
42591.00,26296260.00,108.23,108.81,108.94,108.01
42593.00,27460070.00,108.52,107.93,108.93,107.85
42597.00,25704330.00,108.14,109.48,109.54,108.08
42599.00,25328680.00,109.1,109.22,109.37,108.34
42601.00,25108890.00,108.77,109.36,109.69,108.36
42605.00,21236850.00,108.59,108.85,109.32,108.53
42607.00,25001730.00,107.39,107.57,107.88,106.68
42611.00,24900130.00,106.62,106.82,107.44,106.29
42613.00,31639010.00,105.66,106.1,106.57,105.64
42615.00,26393770.00,107.7,107.73,108,106.82
42620.00,42250480.00,107.83,108.36,108.76,107.07
42622.00,46461610.00,104.64,103.13,105.72,103.13
42626.00,62080160.00,107.51,107.95,108.79,107.24
42628.00,90398170.00,113.86,115.57,115.73,113.49
42632.00,46937190.00,115.19,113.58,116.18,113.25
42634.00,35951900.00,113.85,113.55,113.99,112.44
42636.00,52411070.00,114.42,112.71,114.79,111.55
42640.00,24587490.00,113,113.09,113.18,112.34
42642.00,35850010.00,113.16,112.18,113.8,111.8
42646.00,21634520.00,112.71,112.52,113.05,112.28
42648.00,21400410.00,113.4,113.05,113.66,112.69
42650.00,24336440.00,114.31,114.06,114.56,113.51
42654.00,63963010.00,117.7,116.3,118.69,116.2
42656.00,35041820.00,116.79,116.98,117.44,115.72
42660.00,23583810.00,117.33,117.55,117.84,116.78
42662.00,19977160.00,117.25,117.12,117.76,113.8
42664.00,22527690.00,116.81,116.6,116.91,116.28
42668.00,46820600.00,117.95,118.25,118.36,117.31
42670.00,31396130.00,115.39,114.48,115.86,114.1
42674.00,26378910.00,113.65,113.54,114.23,113.2
42676.00,28174980.00,111.4,111.59,112.35,111.23
42678.00,30790930.00,108.53,108.84,110.25,108.11
42682.00,24129630.00,110.31,111.06,111.72,109.7
42684.00,57097740.00,111.09,107.79,111.09,105.83
42688.00,50901380.00,107.71,105.71,107.81,104.08
42690.00,58724080.00,106.7,109.99,110.23,106.6
42692.00,28310840.00,109.72,110.06,110.54,109.66
42696.00,25931710.00,111.95,111.8,112.42,111.4
42699.00,11475920.00,111.13,111.79,111.87,110.95
42703.00,28507780.00,110.78,111.46,112.03,110.07
42705.00,37034520.00,110.37,109.49,110.94,109.03
42709.00,34113880.00,110,109.11,110.03,108.25
42711.00,29976030.00,109.26,111.03,111.19,109.16
42713.00,34324350.00,112.31,113.95,114.7,112.31
42717.00,43293350.00,113.84,115.19,115.92,113.75
42719.00,46286150.00,115.38,115.82,116.73,115.23
42723.00,27756760.00,115.8,116.64,117.38,115.75
42725.00,23724430.00,116.8,117.06,117.4,116.78
42727.00,14244050.00,115.59,116.52,116.52,115.59
42732.00,20686510.00,117.52,116.76,118.02,116.2
42734.00,30555900.00,116.65,115.82,117.2,115.43
42739.00,21081620.00,115.85,116.02,116.51,115.75
42741.00,31714820.00,116.78,117.91,118.16,116.47
42745.00,24432660.00,118.77,119.11,119.38,118.3
42747.00,27057550.00,118.9,119.25,119.3,118.21
42752.00,34412090.00,118.34,120,120.24,118.22
42754.00,25554290.00,119.4,119.78,120.09,119.37
42758.00,21982000.00,120,120.08,120.81,119.77
42760.00,32417410.00,120.42,121.88,122.1,120.28
42762.00,20495340.00,122.14,121.95,122.35,121.6
42766.00,47767760.00,121.15,121.35,121.39,120.62
42768.00,33671250.00,127.98,128.53,129.39,127.78
42772.00,26784530.00,129.13,130.29,130.5,128.9
42774.00,22941650.00,131.35,132.04,132.22,131.22
42776.00,20046250.00,132.46,132.12,132.94,132.05
42780.00,33054500.00,133.47,135.02,135.09,133.25
42782.00,22539860.00,135.67,135.35,135.9,134.84
42787.00,24487200.00,136.23,136.7,136.75,135.98
42789.00,20762360.00,137.38,136.53,137.48,136.3
42793.00,20222210.00,137.14,136.93,137.44,136.28
42795.00,36362440.00,137.89,139.79,140.15,137.6
42797.00,21555370.00,138.78,139.78,139.83,138.59
42801.00,17439210.00,139.06,139.52,139.98,138.79
42803.00,22117750.00,138.74,138.68,138.79,137.05
42807.00,17048800.00,138.85,139.2,139.43,138.82
42809.00,25676720.00,139.41,140.46,140.75,139.03
42811.00,43700570.00,141,139.99,141,139.89
42815.00,39461130.00,142.11,139.84,142.8,139.73
42817.00,20299310.00,141.26,140.92,141.58,140.61
42821.00,23531670.00,139.39,140.88,141.22,138.62
42823.00,29174040.00,143.68,144.12,144.49,143.19
42825.00,19576480.00,143.72,143.66,144.27,143.01
42829.00,19865300.00,143.25,144.77,144.89,143.17
42831.00,21131040.00,144.29,143.66,144.52,143.45
42835.00,18904680.00,143.6,143.17,143.88,142.9
42837.00,20320420.00,141.6,141.8,142.15,141.01
42842.00,16529130.00,141.48,141.83,141.88,140.87
42844.00,17302160.00,141.88,140.68,142,140.45
42846.00,17290900.00,142.44,142.27,142.68,141.85
42850.00,18325720.00,143.91,144.53,144.9,143.87
42852.00,14198660.00,143.92,143.79,144.16,143.31
42856.00,33498270.00,145.1,146.58,147.2,144.96
42858.00,45579740.00,145.59,147.06,147.49,144.27
42860.00,27254850.00,146.76,148.96,148.98,146.76
42864.00,38907940.00,153.87,153.99,154.88,153.45
42866.00,27236290.00,152.45,153.95,154.07,152.31
42870.00,25912270.00,156.01,155.7,156.65,155.05
42872.00,50674280.00,153.6,150.25,154.57,149.71
42874.00,26892850.00,153.38,153.06,153.98,152.63
42878.00,19906170.00,154.9,153.8,154.9,153.31
42880.00,19217810.00,153.73,153.87,154.35,153.03
42885.00,20118620.00,153.42,153.67,154.43,153.33
42887.00,16383610.00,153.17,153.18,153.33,152.22
42891.00,25277680.00,154.34,153.93,154.45,153.46
42893.00,21017560.00,155.02,155.37,155.98,154.48
42895.00,64782910.00,155.19,148.98,155.19,146.02
42899.00,34089190.00,147.16,146.59,147.45,145.15
42901.00,31642900.00,143.32,144.29,144.48,142.21
42905.00,32203640.00,143.66,146.34,146.74,143.66
42907.00,21247590.00,145.52,145.87,146.07,144.61
42909.00,35421310.00,145.13,146.28,147.16,145.11
42913.00,24725210.00,145.01,143.73,146.16,143.62
42915.00,31450520.00,144.71,143.68,145.13,142.28
42919.00,14277850.00,144.88,143.5,145.3,143.1
42922.00,24110330.00,143.02,142.73,143.5,142.41
42926.00,21080580.00,144.11,145.06,145.95,143.37
42928.00,24833800.00,145.87,145.74,146.18,144.82
42930.00,20117070.00,147.97,149.04,149.33,147.33
42934.00,17837130.00,149.2,150.08,150.13,148.67
42936.00,17170490.00,151.5,150.34,151.74,150.19
42940.00,21466370.00,150.58,152.09,152.44,149.9
42942.00,15649120.00,153.35,153.46,153.93,153.06
42944.00,17192770.00,149.89,149.5,150.23,149.19
42948.00,33669020.00,149.1,150.05,150.22,148.41
42950.00,26604140.00,157.05,155.57,157.21,155.02
42954.00,21827400.00,157.06,158.81,158.92,156.67
42956.00,26060430.00,159.26,161.06,161.27,159.11
42958.00,26208970.00,156.6,157.48,158.57,156.07
42962.00,29377630.00,160.66,161.6,162.2,160.14
42964.00,27377960.00,160.52,157.86,160.71,157.84
42968.00,26330070.00,157.5,157.21,157.89,155.11
42970.00,19376940.00,159.07,159.98,160.47,158.88
42972.00,25184600.00,159.65,159.86,160.56,159.27
42976.00,29451050.00,160.1,162.91,163.12,160
42978.00,26729940.00,163.64,164,164.52,163.48
42983.00,29491910.00,163.75,162.08,164.25,160.56
42985.00,21905160.00,162.09,161.26,162.24,160.36
42989.00,31506890.00,160.5,161.5,162.05,159.89
42991.00,44866280.00,159.87,159.65,159.96,157.91
42993.00,48846060.00,158.47,159.88,160.97,158
42997.00,20565620.00,159.51,158.73,159.77,158.44
42999.00,37350060.00,155.8,153.39,155.8,152.75
43003.00,44366140.00,149.99,150.55,151.83,149.16
43005.00,25402270.00,153.8,154.23,154.72,153.54
43007.00,26204670.00,153.21,154.12,154.13,152
43011.00,16216800.00,154.01,154.48,155.09,153.91
43013.00,21215870.00,154.18,155.39,155.44,154.05
43017.00,16243080.00,155.81,155.84,156.73,155.49
43019.00,16861450.00,155.97,156.55,156.98,155.75
43021.00,16367780.00,156.73,156.99,157.28,156.41
43025.00,18969700.00,159.78,160.47,160.87,159.23
43027.00,42357420.00,156.75,155.98,157.08,155.02
43031.00,21888930.00,156.89,156.17,157.69,155.5
43033.00,21175670.00,156.91,156.41,157.55,155.27
43035.00,44387770.00,159.29,163.05,163.6,158.7
43039.00,35779520.00,167.9,169.04,169.65,166.94
43041.00,39668100.00,167.64,168.11,168.5,165.28
43045.00,34770480.00,172.37,174.25,174.99,171.72
43047.00,24358920.00,174.66,176.24,176.24,174.33
43049.00,25129510.00,175.11,174.67,175.38,174.27
43053.00,24683350.00,173.04,171.34,173.48,171.18
43055.00,23598650.00,171.18,171.1,171.87,170.3
43059.00,16041550.00,170.29,169.98,170.56,169.56
43061.00,25558680.00,173.36,174.96,175,173.05
43066.00,20591090.00,175.05,174.09,175.08,173.34
43068.00,41459120.00,172.63,169.48,172.92,167.16
43070.00,39735110.00,169.95,171.05,171.67,168.5
43074.00,27315530.00,169.06,169.64,171.52,168.4
43076.00,25656110.00,169.03,169.32,170.44,168.91
43080.00,34260890.00,169.2,172.67,172.89,168.79
43082.00,23402510.00,172.5,172.27,173.54,172
43084.00,40122100.00,173.63,173.97,174.17,172.46
43088.00,27393660.00,175.03,174.54,175.39,174.09
43090.00,20848660.00,174.17,175.01,176.02,174.1
43095.00,33113340.00,170.8,170.57,171.47,169.68
43097.00,16412270.00,171,171.08,171.85,170.48
43102.00,25400540.00,170.16,172.26,172.3,169.26
43104.00,22342650.00,172.54,173.03,173.47,172.08
43108.00,20523870.00,174.35,174.35,175.61,173.93
43110.00,23751690.00,173.16,174.29,174.3,173
43112.00,25302200.00,176.18,177.09,177.36,175.65
43117.00,34260230.00,176.15,179.1,179.25,175.07
43119.00,31306390.00,178.61,178.46,179.58,177.41
43123.00,32395870.00,177.3,177.04,179.44,176.82
43125.00,41438280.00,174.51,171.11,174.95,170.53
43129.00,50565420.00,170.16,167.96,170.16,167.07
43131.00,32234520.00,166.87,167.43,168.44,166.5
43133.00,85957050.00,166,160.5,166.8,160.1
